[
    {
        "code": "370100",
        "name": "牡丹区",
        "countyId":"1",
        "cityList": [
            {
                "communityId":"1",
                "code": "370102",
                "name": "鲁商凤凰城",
                "postCode": "250000"
            },
            {
                "communityId":"2",
                "code": "370103",
                "name": "恒大绿洲",
                "postCode": "250000"
            },
            {
                "communityId":"3",
                "code": "370104",
                "name": "中华世纪城",
                "postCode": "250000"
            },
            {
                "communityId":"4",
                "code": "370105",
                "name": "华英嘉园",
                "postCode": "250000"
            },
            {
                "communityId":"5",
                "code": "370112",
                "name": "天华明珠",
                "postCode": "250100"
            },
            {
                "communityId":"6",
                "code": "370113",
                "name": "绿地新都汇",
                "postCode": "250300"
            },
            {
                "communityId":"7",
                "code": "370124",
                "name": "鑫苑花园",
                "postCode": "250400"
            },
            {
                "communityId":"8",
                "code": "370125",
                "name": "福源名居",
                "postCode": "251400"
            },
            {
                "communityId":"9",
                "code": "370126",
                "name": "盛世豪庭",
                "postCode": "251600"
            },
            {
                "communityId":"10",
                "code": "370181",
                "name": "锦绣豪庭",
                "postCode": "250200"
            }
        ]
    },
    {
        "code": "370100",
        "name": "定陶区",
        "countyId":"2",
        "cityList": [
            {
                "communityId":"1",
                "code": "370102",
                "name": "兴华家园",
                "postCode": "250000"
            },
            {
                "communityId":"2",
                "code": "370103",
                "name": "惠民小区",
                "postCode": "250000"
            },
            {
                "communityId":"3",
                "code": "370104",
                "name": "镜湖壹号",
                "postCode": "250000"
            },
            {
                "communityId":"4",
                "code": "370105",
                "name": "陶城怡景",
                "postCode": "250000"
            },
            {
                "communityId":"5",
                "code": "370112",
                "name": "博文华府",
                "postCode": "250100"
            },
            {
                "communityId":"6",
                "code": "370113",
                "name": "滨河春天",
                "postCode": "250300"
            },
            {
                "communityId":"7",
                "code": "370124",
                "name": "欧亚半岛",
                "postCode": "250400"
            }
        ]
    },
    {
        "code": "370100",
        "name": "郓城",
        "countyId":"3",
        "cityList": [
            {
                "communityId":"1",
                "code": "370102",
                "name": "御翠上府",
                "postCode": "250000"
            },
            {
                "communityId":"2",
                "code": "370103",
                "name": "雅典城",
                "postCode": "250000"
            },
            {
                "communityId":"3",
                "code": "370104",
                "name": "顺和园",
                "postCode": "250000"
            },
            {
                "communityId":"4",
                "code": "370105",
                "name": "东升小区",
                "postCode": "250000"
            },
            {
                "communityId":"5",
                "code": "370112",
                "name": "温泉新村",
                "postCode": "250100"
            },
            {
                "communityId":"6",
                "code": "370113",
                "name": "阳光名郡",
                "postCode": "250300"
            }
        ]
    },
    {
        "code": "370100",
        "name": "曹县",
        "countyId":"4",
        "cityList": [
            {
                "communityId":"1",
                "code": "370102",
                "name": "锦呈花园",
                "postCode": "250000"
            },
            {
                "communityId":"2",
                "code": "370103",
                "name": "馨润嘉园",
                "postCode": "250000"
            },
            {
                "communityId":"3",
                "code": "370104",
                "name": "帝豪嘉苑",
                "postCode": "250000"
            }
        ]
    },
    {
        "code": "370100",
        "name": "单县",
        "countyId":"5",
        "cityList": [
            {
                "communityId":"1",
                "code": "370102",
                "name": "北辰新都",
                "postCode": "250000"
            },
            {
                "communityId":"2",
                "code": "370103",
                "name": "奥林花园",
                "postCode": "250000"
            }
        ]
    },
    {
        "code": "370100",
        "name": "东明",
        "countyId":"6",
        "cityList": [
            {
                "communityId":"1",
                "code": "370102",
                "name": "恒世未来城",
                "postCode": "250000"
            },
            {
                "communityId":"2",
                "code": "370103",
                "name": "天正中央大街",
                "postCode": "250000"
            },
            {
                "communityId":"3",
                "code": "370104",
                "name": "黄河明珠",
                "postCode": "250000"
            },
            {
                "communityId":"4",
                "code": "370105",
                "name": "万福名苑",
                "postCode": "250000"
            },
            {
                "communityId":"5",
                "code": "370112",
                "name": "水岸鑫城",
                "postCode": "250100"
            },
            {
                "communityId":"6",
                "code": "370113",
                "name": "恒通佳苑",
                "postCode": "250300"
            },
            {
                "communityId":"7",
                "code": "370124",
                "name": "华府盛世",
                "postCode": "250400"
            },
            {
                "communityId":"8",
                "code": "370124",
                "name": "龙脉庄园",
                "postCode": "250400"
            }
        ]
    },
    {
        "code": "370100",
        "name": "巨野",
        "countyId":"7",
        "cityList": [
            {
                "communityId":"1",
                "code": "370102",
                "name": "东方新天地",
                "postCode": "250000"
            },
            {
                "communityId":"2",
                "code": "370103",
                "name": "丽景苑",
                "postCode": "250000"
            },
            {
                "communityId":"3",
                "code": "370104",
                "name": "河畔花都",
                "postCode": "250000"
            },
            {
                "communityId":"4",
                "code": "370105",
                "name": "阳光水岸",
                "postCode": "250000"
            }
        ]
    },
    {
        "code": "370100",
        "name": "成武",
        "countyId":"8",
        "cityList": [
            {
                "communityId":"1",
                "code": "370102",
                "name": "瑞和嘉苑",
                "postCode": "250000"
            },
            {
                "communityId":"2",
                "code": "370103",
                "name": "凤凰国际",
                "postCode": "250000"
            },
            {
                "communityId":"3",
                "code": "370104",
                "name": "泰和东居",
                "postCode": "250000"
            },
            {
                "communityId":"4",
                "code": "370105",
                "name": "紫荆花园",
                "postCode": "250000"
            }
        ]
    },
    {
        "code": "370100",
        "name": "鄄城",
        "countyId":"9",
        "cityList": [
            {
                "communityId":"1",
                "code": "370102",
                "name": "东升小区",
                "postCode": "250000"
            },
            {
                "communityId":"2",
                "code": "370103",
                "name": "舜城国际",
                "postCode": "250000"
            },
            {
                "communityId":"3",
                "code": "370104",
                "name": "历山花苑",
                "postCode": "250000"
            }
        ]
    },
    
]
